,water2,water3,xtilt,ytilt
0,28.39,28.42,-1.5339017302858193,-2.138798778341677
1,28.36,28.37,-1.5324595535671028,-2.140221550773771
2,28.32,28.33,-1.532541168645528,-2.1405502999953376
3,28.3,28.28,-1.5303756803958894,-2.1427848594474335
4,28.27,28.24,-1.5275870880937965,-2.1421909499532963
5,28.24,28.19,-1.5271965852370648,-2.144987764682717
6,28.21,28.15,-1.525186849133685,-2.144431462354595
7,28.19,28.12,-1.5230731206160584,-2.143694599112107
8,28.16,28.08,-1.5211312609650531,-2.1429284145785346
9,28.12,28.04,-1.5214077684153187,-2.142480765212611
10,28.08,28.01,-1.5208276362876045,-2.1439684385601843
11,28.04,27.97,-1.5206034927342473,-2.142590333865645
12,28.02,27.94,-1.5206709506285236,-2.1421260395836574
13,27.98,27.91,-1.520640892822295,-2.1415689561218767
14,27.96,27.88,-1.5195130014694511,-2.141262738760508
15,27.92,27.84,-1.5188644178954067,-2.1395966557215744
16,27.9,27.82,-1.5180609821275286,-2.139433138367026
17,27.86,27.78,-1.5185584737655495,-2.139648527332129
18,27.83,27.75,-1.5177358548936937,-2.139856739692848
19,27.8,27.72,-1.5162169257048221,-2.1405435457447664
20,27.77,27.7,-1.5175335987327954,-2.1407069918705695
21,27.74,27.68,-1.5179831740431282,-2.141792768525869
22,27.7,27.66,-1.5164039198469788,-2.1412474459231485
23,27.69,27.64,-1.5145641603884765,-2.139036863075953
24,27.68,27.61,-1.5141897428000695,-2.1409476488818573
25,27.75,27.59,-1.513513046677222,-2.141353935047045
26,27.87,27.56,-1.513058121716388,-2.1427651392484166
27,27.9,27.55,-1.5139455418666687,-2.1435059194007025
28,27.89,27.53,-1.5143254733591582,-2.1430483921432213
29,27.87,27.51,-1.5139535552110328,-2.1435671975425254
30,27.85,27.49,-1.513311675438776,-2.142035580958879
31,27.84,27.48,-1.5152293935539205,-2.141511823443094
32,27.81,27.46,-1.5125092252445542,-2.142098478923007
33,27.78,27.45,-1.5116634703892102,-2.14235992054025
34,27.73,27.44,-1.5077448926856407,-2.138187737893812
35,27.69,27.41,-1.5083662024456421,-2.138452656715103
36,27.64,27.4,-1.5081428812575546,-2.1379873144568875
37,27.61,27.39,-1.5100377287047766,-2.1379158199907917
38,27.55,27.38,-1.5048585880820327,-2.136304743551658
39,27.5,27.36,-1.5048057102401402,-2.138620935422878
40,27.43,27.34,-1.5057552371801046,-2.1354471332586424
41,27.35,27.35,-1.505428592791342,-2.1336994989924487
42,27.26,27.33,-1.5013742026598893,-2.131239411858697
43,27.18,27.33,-1.5000529256154664,-2.130677555484757
44,27.13,27.32,-1.5015910554370058,-2.130102492190872
45,27.06,27.31,-1.5006994005839795,-2.130878464129393
46,26.98,27.3,-1.4977983509722808,-2.130097746135018
47,26.91,27.27,-1.4978614773444332,-2.131321221268589
48,26.83,27.24,-1.4963163226841714,-2.1299102426762584
49,26.75,27.22,-1.495861137869211,-2.1298886768556233
50,26.66,27.2,-1.4951253128036874,-2.1296608016076544
51,26.58,27.17,-1.493451878026713,-2.128877523279324
52,26.5,27.15,-1.4942931227433205,-2.1294181158088175
53,26.42,27.13,-1.4939402981249978,-2.130193530911625
54,26.35,27.11,-1.4933034752588117,-2.1301008992471835
55,26.27,27.09,-1.4921112914330117,-2.130631432254359
56,26.19,27.07,-1.4914654081043202,-2.1291232247608227
57,26.11,27.05,-1.4912626649723524,-2.129655215920246
58,26.04,27.03,-1.4909803640583266,-2.1317363557197826
59,25.95,27.0,-1.4909871509785644,-2.134609417983316
60,25.87,26.98,-1.489770246823383,-2.136759331954007
61,25.8,26.96,-1.4900681903717266,-2.1374144253902014
62,25.73,26.94,-1.4894116967976672,-2.139214614178318
63,25.66,26.92,-1.4899846631184903,-2.139340242278246
64,25.6,26.9,-1.489779761646877,-2.1398068896997926
65,25.53,26.88,-1.490535776617625,-2.141303809131069
66,25.46,26.86,-1.4898804727107358,-2.1405696924150397
67,25.39,26.83,-1.4896553266615835,-2.1417777803758713
68,25.34,26.82,-1.4898353788649676,-2.1417139392334823
69,25.27,26.8,-1.4898777067859164,-2.1400101137151823
70,25.21,26.78,-1.4899234692804926,-2.1420914735332723
71,25.15,26.76,-1.490254493269723,-2.1424654385493915
72,25.1,26.74,-1.488481156654291,-2.140350281931649
73,25.05,26.73,-1.4890792681649558,-2.1413604757680957
74,25.0,26.71,-1.4895865163145057,-2.1420401462393133
75,24.95,26.69,-1.490256215675015,-2.1425132941566414
76,24.89,26.67,-1.488970323250121,-2.142481669712778
77,24.85,26.65,-1.4877504338860918,-2.1428604666403404
78,24.8,26.62,-1.487419311842046,-2.1422844316522265
79,24.75,26.61,-1.487079887135538,-2.142824174269088
80,24.71,26.6,-1.4876396799459048,-2.142756500001548
81,24.66,26.58,-1.487918186374352,-2.144384626815304
82,24.62,26.57,-1.485854914302615,-2.143490025901848
83,24.57,26.56,-1.4860621367957643,-2.1436406864873643
84,24.53,26.54,-1.486062988754955,-2.1418940597301117
85,24.49,26.51,-1.4867945840973578,-2.1423938168343115
86,24.45,26.5,-1.4863622636753555,-2.1409296593723317
87,24.41,26.49,-1.4874368686531627,-2.139378368631109
88,24.37,26.48,-1.487189221389888,-2.1392762132103345
89,24.34,26.47,-1.48653025683928,-2.1380999086309553
90,24.3,26.46,-1.4870928880442429,-2.137530598258876
91,24.26,26.44,-1.4881473821542477,-2.138233529883846
92,24.22,26.41,-1.4874253768257146,-2.138825871570113
93,24.19,26.4,-1.4869028657412229,-2.1385435366836645
94,24.16,26.39,-1.4869664998200078,-2.139340211476642
95,24.12,26.34,-1.4879116993381054,-2.1394456350776156
96,24.08,26.33,-1.487913149757252,-2.1409837084149266
97,24.05,26.31,-1.4874470522205774,-2.139857824075776
98,24.02,26.28,-1.4866200631846214,-2.1393762589833645
99,23.98,26.26,-1.4849098614669596,-2.138690623621452
100,23.95,26.23,-1.4830363738706491,-2.136741912004029
101,23.9,26.21,-1.4823334674945585,-2.1358272266645764
102,23.86,26.19,-1.481780466384741,-2.1383558177884145
103,23.81,26.18,-1.4815049985688893,-2.1365147369836244
104,23.77,26.17,-1.4808275632225936,-2.1366847619779517
105,23.71,26.16,-1.481244960679051,-2.138321778605906
106,23.65,26.14,-1.4799449528337525,-2.1365724434790465
107,23.6,26.14,-1.4784451730475743,-2.1362851966603977
108,23.55,26.12,-1.4784566185482124,-2.1353653382291666
109,23.49,26.1,-1.4790238467168348,-2.1356676221577224
110,23.44,26.08,-1.4791059875025327,-2.135631944064874
111,23.41,26.06,-1.477038916121762,-2.1363043155185406
112,23.33,26.06,-1.4760187706996055,-2.13434938831722
113,23.25,26.06,-1.4753673763703954,-2.134202889743137
114,23.18,26.05,-1.4741009161295524,-2.1327463078807214
115,23.1,26.03,-1.474913358721635,-2.132311894553413
116,23.01,26.02,-1.473990384199267,-2.1322899918510543
117,22.91,26.01,-1.473277119131703,-2.130838665816908
118,22.83,25.98,-1.4736214990352507,-2.1302386285106287
119,22.73,25.95,-1.4736692037550563,-2.130571036969758
120,22.64,25.92,-1.4716546867012887,-2.1302615697764424
121,22.55,25.9,-1.4714488863299073,-2.1302933272476787
122,22.46,25.88,-1.4710068871553188,-2.129213265503897
123,22.39,25.86,-1.469863867758684,-2.130067556024381
124,22.31,25.84,-1.4695815051959986,-2.129792064435246
125,22.22,25.82,-1.468743151886984,-2.1315621523480632
126,22.13,25.79,-1.4687031053018391,-2.1331524504648165
127,22.04,25.76,-1.4697257583554957,-2.135130185654011
128,21.96,25.75,-1.4705467688751723,-2.1346538429658515
129,21.88,25.72,-1.4704551227638956,-2.1361645725221146
130,21.79,25.69,-1.4705543322535153,-2.1362351760550444
131,21.71,25.67,-1.4727456471664884,-2.1364298761118654
132,21.64,25.65,-1.4732417253234389,-2.135494043765654
133,21.57,25.62,-1.4748577341067117,-2.1357214894422634
134,21.55,25.59,-1.4751061481840888,-2.1357524207513605
135,21.54,25.55,-1.4768598772756518,-2.136309571623795
136,21.51,25.53,-1.476366480046585,-2.135095126014714
137,21.48,25.5,-1.4776640565720496,-2.134630327824911
138,21.45,25.47,-1.4779431902547266,-2.1349077932370863
139,21.41,25.45,-1.4775003044381496,-2.1335069478910835
140,21.38,25.42,-1.478922237915215,-2.133804600978625
141,21.36,25.4,-1.4790781353165061,-2.1339067205154296
142,21.33,25.37,-1.4788541703206104,-2.1334942030741497
143,21.31,25.36,-1.4786063347220577,-2.1337954178804655
144,21.28,25.34,-1.477986171161229,-2.134154123569632
145,21.26,25.31,-1.479211915326813,-2.1342084603072986
146,21.24,25.3,-1.4783385621851024,-2.133845934627535
147,21.22,25.27,-1.4797957270288828,-2.1364535721662623
148,21.21,25.25,-1.4774685790202287,-2.135533032161928
149,21.18,25.24,-1.478393117724871,-2.136179662435023
150,21.17,25.22,-1.476686286072626,-2.1384268008869394
151,21.16,25.2,-1.4772956764687797,-2.138350812886287
152,21.14,25.2,-1.4776083951999146,-2.136727320715738
153,21.12,25.17,-1.475986846973712,-2.1385299852090474
154,21.11,25.15,-1.4757184739436568,-2.1386388509092042
155,21.1,25.14,-1.4749371046635207,-2.1373847063087705
156,21.08,25.12,-1.4764160509381243,-2.135262432415157
157,21.07,25.11,-1.4765621827972337,-2.1363645352347795
158,21.06,25.08,-1.4766247043881602,-2.134044199323337
159,21.04,25.07,-1.4767085689855366,-2.132538891230837
160,21.03,25.06,-1.4770259729708035,-2.132124440831424
161,21.02,25.05,-1.47568969662444,-2.1304573997292025
162,21.0,25.03,-1.4768026886835819,-2.1305537744295533
163,21.0,25.01,-1.4768217634962646,-2.1319952073498416
164,20.98,25.01,-1.4765590459974747,-2.1312076577975354
165,20.97,24.99,-1.4776133748340736,-2.1317108661772783
166,20.97,24.98,-1.4772182829257108,-2.1322412787032796
167,20.96,24.97,-1.476791047918407,-2.1317984979986795
168,20.95,24.96,-1.4779744478402785,-2.1323093331013774
169,21.02,24.96,-1.4751717019280073,-2.1291264197748268
170,21.01,24.95,-1.4760704171499148,-2.1299495390254064
171,21.0,24.93,-1.4757324932177722,-2.130671420758911
172,21.18,24.94,-1.4745329272066383,-2.1312750331779853
173,23.6,24.97,-1.4732113148577335,-2.133651470968983
174,23.97,25.12,-1.4715516036816967,-2.13530305826081
175,24.0,25.15,-1.4707488239713686,-2.135034425019088
176,24.0,25.16,-1.4701024923636818,-2.1358761375937507
177,23.99,25.16,-1.4692969454498699,-2.1359604996829056
178,23.99,25.18,-1.4692900776113988,-2.1363861216890605
179,23.98,25.18,-1.4689148603769546,-2.1377172294975764
180,23.95,25.19,-1.468885530290963,-2.1372625614324967
181,23.94,25.18,-1.4720522627192087,-2.1376509428607986
182,23.92,25.18,-1.4695096468166282,-2.1387386151366234
183,23.88,25.2,-1.4690569347166738,-2.1382415679760056
184,23.82,25.21,-1.4709370494030414,-2.138646916177124
185,23.79,25.22,-1.4713433683558026,-2.1381870995821215
186,23.73,25.23,-1.4706107076924944,-2.1381314224640775
187,23.69,25.23,-1.468458292842692,-2.138873474780166
188,23.63,25.23,-1.4665304304502733,-2.1386559085851324
189,23.6,25.24,-1.4668268773423188,-2.1402265602407446
190,23.56,25.24,-1.4663555706551719,-2.1384437194664296
191,23.52,25.24,-1.4645803360724283,-2.138678468089951
192,23.48,25.23,-1.4659674236167126,-2.1372844004736136
193,23.44,25.23,-1.4660085158453513,-2.1375283285427362
194,23.41,25.23,-1.4668933711217018,-2.1379697418597794
195,23.37,25.22,-1.4672203594781723,-2.137820949149794
196,23.34,25.22,-1.4666536478736594,-2.137953560941195
197,23.31,25.21,-1.4666469211870843,-2.138798475613116
198,23.28,25.21,-1.4654755679129536,-2.139135114475854
199,23.27,25.21,-1.4663162542763954,-2.1390906158834038
200,23.24,25.2,-1.4666156961149746,-2.1392830575247075
201,23.22,25.19,-1.4665656536358744,-2.1385855120855157
202,23.2,25.19,-1.4660216181871955,-2.13928832352647
203,23.17,25.17,-1.4670316445414817,-2.1402595834135267
204,23.15,25.17,-1.4663893538246282,-2.1397701085049508
205,23.13,25.16,-1.466987450240612,-2.1410664697916855
206,23.12,25.15,-1.465797729732685,-2.14195646548769
207,23.1,25.15,-1.466159169701773,-2.142464212852087
208,23.09,25.15,-1.466626307471611,-2.1424213146006803
209,23.08,25.13,-1.4660356988801688,-2.141924219845715
210,23.07,25.13,-1.4673725294140443,-2.141889857631613
211,23.04,25.12,-1.4673563631083768,-2.142358094331399
212,23.03,25.12,-1.466742175197765,-2.1420995197090793
213,23.02,25.12,-1.4669761532611325,-2.141209496067993
214,23.01,25.11,-1.467273009562294,-2.140358106783811
215,23.0,25.1,-1.4671543519629726,-2.1403756378841807
216,23.65,25.26,-1.467475793371637,-2.1395804434800136
217,24.05,25.29,-1.4719073614924574,-2.143136992126339
218,24.14,25.3,-1.4726703980255642,-2.14509242716514
219,24.21,25.3,-1.4745630132853444,-2.1468503144570295
220,24.24,25.31,-1.475979195998044,-2.147369299788707
221,24.26,25.32,-1.4772732507458017,-2.1483048285287834
222,24.26,25.33,-1.4772618642473168,-2.1476330467563827
223,24.28,25.33,-1.47764211203591,-2.149389263411716
224,24.3,25.33,-1.4785126016161914,-2.149051223294919
225,24.32,25.34,-1.4779537922626553,-2.149706588634312
226,24.33,25.35,-1.4782329467651305,-2.150340305129458
227,24.35,25.35,-1.4796231405523186,-2.1528306765530454
228,24.34,25.35,-1.478850583567186,-2.1528742205448492
229,24.36,25.35,-1.4796477333628895,-2.1526070132324038
230,24.37,25.36,-1.4799772393567059,-2.154018377482689
231,24.36,25.37,-1.480878058245069,-2.154216333988409
232,24.37,25.37,-1.4806259677478784,-2.153266388511709
233,24.38,25.38,-1.4807088030463589,-2.1536336076499754
234,24.37,25.38,-1.4806668147634967,-2.153195806968723
235,24.38,25.39,-1.480797845012355,-2.1547513566270444
236,24.38,25.39,-1.4807711215290817,-2.1543513554140747
237,24.38,25.39,-1.4811660548560608,-2.1543798064192057
238,24.37,25.39,-1.4823005364554742,-2.155387508950981
239,24.37,25.41,-1.4825018536969268,-2.1577099112188294
240,24.38,25.41,-1.4842074488858914,-2.154784196112996
241,24.37,25.42,-1.483498646038862,-2.153605775982684
242,24.38,25.42,-1.4749144979168058,-2.1490723438620614
243,24.37,25.42,-1.4797042784765764,-2.152390746638582
244,24.37,25.43,-1.4821052333001026,-2.1522410068573077
245,24.36,25.43,-1.48213231699205,-2.1524559943343906
246,24.35,25.44,-1.4823476354985932,-2.1553990394127283
247,24.35,25.45,-1.4831849944654576,-2.1560721668890364
248,24.33,25.45,-1.4837591941501826,-2.1561732707094285
249,24.33,25.47,-1.4833293694434155,-2.1538621227503794
250,24.32,25.48,-1.4837828978850502,-2.1570292978353525
251,24.3,25.49,-1.4830855897478143,-2.1542078425539586
252,24.28,25.5,-1.4843803248074328,-2.154156837366061
253,24.27,25.51,-1.484319530498058,-2.156310353828474
254,24.24,25.51,-1.4831366012103855,-2.1537723821337735
255,24.22,25.53,-1.4833581169684356,-2.1562655324757456
256,24.19,25.53,-1.4832405607170078,-2.1563793735663053
257,24.16,25.55,-1.4829984762502768,-2.1535403653992726
258,24.14,25.56,-1.4835446185081538,-2.1522693147378886
259,24.1,25.57,-1.483129116539134,-2.1532480048963505
260,24.08,25.57,-1.481319108425865,-2.1550288599404657
261,24.05,25.58,-1.4817072077410256,-2.153807269944816
262,24.02,25.59,-1.4813984706006347,-2.1543137646518398
263,23.99,25.58,-1.4823063327835786,-2.1518135943873467
264,23.96,25.61,-1.4787474998260242,-2.152264478966844
265,23.95,25.6,-1.4790189978462118,-2.1536690419016202
266,23.92,25.6,-1.4796590496618076,-2.154424248366245
267,23.9,25.6,-1.4825923250407114,-2.1535186208649533
268,23.87,25.6,-1.4787193583505598,-2.153311650003315
269,23.86,25.6,-1.481256363578342,-2.1525742313600755
270,23.83,25.61,-1.4793695900313506,-2.1532681103056506
271,23.82,25.61,-1.4802919759360365,-2.1538632656157084
272,23.8,25.6,-1.4799553273439243,-2.1544380477275955
273,23.78,25.61,-1.48043180147683,-2.154958383911222
274,23.75,25.6,-1.4809013000808782,-2.1549066026222774
275,23.73,25.6,-1.4818689925846162,-2.155233257836895
276,23.71,25.61,-1.481297260353003,-2.1545458404243165
277,23.7,25.6,-1.4813864198086963,-2.155400939007915
278,23.68,25.6,-1.481290347062633,-2.1542334033081096
279,23.67,25.59,-1.4815727743523208,-2.154261079699948
280,23.64,25.59,-1.4808719418550274,-2.1532117514981395
281,23.64,25.59,-1.4807800659640875,-2.1530628478536213
282,23.61,25.59,-1.4812331404766645,-2.1538560881706057
283,23.59,25.58,-1.48099536300382,-2.15435637465325
284,23.58,25.58,-1.4811413974083474,-2.153310986282314
285,23.56,25.58,-1.4811784881263454,-2.1540179778747057
286,23.55,25.57,-1.4810344447802073,-2.154100596505153
287,23.53,25.57,-1.4811223589217104,-2.1536634225565185
288,23.52,25.57,-1.4812888598859932,-2.155683633429414
289,23.5,25.58,-1.4807584824027178,-2.1543232866792223
290,23.48,25.57,-1.4806336600610122,-2.155569023448165
291,23.47,25.56,-1.482298520184773,-2.1548273304978878
292,23.45,25.56,-1.4807860744932968,-2.1569380347408496
293,23.44,25.56,-1.480790249910514,-2.1539308515089584
294,23.42,25.56,-1.4808573840340284,-2.1543903940161204
295,23.41,25.56,-1.4806208323960632,-2.1538281627183786
296,23.39,25.55,-1.4805890439312142,-2.154146655720716
297,23.37,25.55,-1.482528735586124,-2.1537288069692404
298,23.35,25.54,-1.482909239931356,-2.153487402509316
299,23.34,25.55,-1.480557943403982,-2.1540613505077233
300,23.33,25.55,-1.479951492400231,-2.1530723538555856
301,23.31,25.54,-1.4820170446538892,-2.1543322248850836
302,23.29,25.54,-1.4825073693672002,-2.153967613980517
303,23.29,25.54,-1.4801372873975072,-2.1538345756212234
304,23.27,25.54,-1.4804799032171332,-2.1538550823044367
305,23.26,25.54,-1.4823900432950394,-2.1556627653080156
306,23.24,25.54,-1.4833871597864585,-2.1540487215487416
307,23.23,25.54,-1.480809018461443,-2.153110105452115
308,23.21,25.55,-1.4817827405902666,-2.153834940873768
309,23.19,25.54,-1.4819824283198468,-2.15482334588566
310,23.18,25.55,-1.4801457834271206,-2.152852528417957
311,23.17,25.55,-1.4780728352888284,-2.152666335434519
312,23.16,25.54,-1.4781196617085122,-2.1527327846622577
313,23.13,25.54,-1.4783438131831803,-2.1514026737513965
314,23.11,25.56,-1.4766944835864173,-2.1524151512168297
315,23.11,25.55,-1.477970956806282,-2.149014389728466
316,23.09,25.56,-1.478151000083287,-2.1518674019361765
317,23.06,25.58,-1.4775603778505204,-2.1516469712828656
318,23.03,25.58,-1.4778213977322643,-2.1519238087772723
319,23.02,25.58,-1.4776152841519552,-2.151254324801484
320,23.0,25.59,-1.4775119536194588,-2.15061132528725
321,22.99,25.59,-1.4769113154139482,-2.1511003634488954
322,22.98,25.6,-1.4776178363691768,-2.1510021903962024
323,22.95,25.62,-1.477414244516885,-2.151153379818808
324,22.9,25.64,-1.4772302415915062,-2.1500129453896344
325,22.85,25.66,-1.477148313439746,-2.150579558322795
326,22.79,25.66,-1.4770745353204224,-2.1502180521370926
327,22.74,25.68,-1.4760378307123434,-2.1479898499559553
328,22.68,25.68,-1.4760454290067782,-2.14913042665088
329,22.61,25.68,-1.4773562052944424,-2.1458660743127007
330,22.56,25.67,-1.477096072683879,-2.1461876764971874
331,22.49,25.67,-1.4767807060900535,-2.146180671237392
332,22.44,25.68,-1.4767345826623581,-2.146711300794179
333,22.39,25.68,-1.4768553015382195,-2.1481737896937583
334,22.33,25.67,-1.4737043207578242,-2.1467928873778437
335,22.27,25.67,-1.4747331920690825,-2.146856131124466
336,22.22,25.67,-1.4744032802467557,-2.146517798096495
337,22.18,25.67,-1.474851310524076,-2.14722877242419
338,22.13,25.67,-1.4742834698392275,-2.147149750121562
339,22.1,25.68,-1.4752229033169877,-2.1468129322855205
340,22.21,25.67,-1.4779571087848753,-2.149178728908735
341,22.23,25.67,-1.479785356369188,-2.150912908454461
342,22.34,25.67,-1.481154020564101,-2.1520890786442926
343,22.39,25.66,-1.4804833757611584,-2.153084414765728
344,22.42,25.65,-1.4803936350578226,-2.1536750923017527
345,22.43,25.64,-1.4805737945359174,-2.154576338775452
346,22.45,25.63,-1.4815079944954277,-2.155412484688537
347,22.46,25.63,-1.481723567050496,-2.155941909661358
348,22.47,25.62,-1.4813207527093781,-2.1563739719297574
349,22.48,25.62,-1.4812908595391587,-2.1558510350933577
350,22.49,25.62,-1.482051871619017,-2.156300688704206
351,22.49,25.61,-1.4830300570666448,-2.1573314831569
352,22.5,25.62,-1.4831323329092525,-2.1568427261890597
353,22.51,25.61,-1.4820106821801033,-2.1559753695355535
354,22.51,25.62,-1.4839629272826973,-2.1571100250583126
355,22.52,25.62,-1.4838803332183916,-2.1577087518405413
356,22.52,25.61,-1.4840095534277324,-2.157620174769779
357,22.52,25.61,-1.4845657783451958,-2.15735177176241
358,22.53,25.61,-1.4835591597159563,-2.1568816741660592
359,22.54,25.62,-1.4839362290846247,-2.1584094329881203
360,22.54,25.62,-1.4842122841023146,-2.159093117685613
361,22.53,25.62,-1.4841213648974307,-2.1586299703742173
362,22.54,25.62,-1.4846974847913756,-2.16026716364855
363,22.54,25.62,-1.4849348168621228,-2.1603932420350103
364,22.55,25.63,-1.48488658942047,-2.160584432121479
365,22.55,25.62,-1.4834956705633071,-2.159805192198827
366,22.55,25.63,-1.4847506605490175,-2.1599600195545685
367,22.55,25.63,-1.4850415732355404,-2.158531931773166
368,22.56,25.63,-1.4842666337772643,-2.1604587406398585
369,22.56,25.63,-1.48735760444853,-2.161267092147157
370,22.55,25.63,-1.487824242265968,-2.161993643259729
371,22.56,25.63,-1.4842111595111918,-2.1608421707455965
372,22.56,25.63,-1.4878647641835276,-2.1599196050283416
373,22.56,25.64,-1.485274849588554,-2.160367535573576
374,22.57,25.64,-1.485702583267656,-2.1624026902939995
375,22.57,25.64,-1.4876229520529554,-2.1597891560125118
376,22.57,25.64,-1.4886964266731293,-2.162851368843851
377,22.57,25.64,-1.4877819690580993,-2.163300719724514
378,22.58,25.65,-1.4878798549608476,-2.164450595995326
379,22.58,25.66,-1.487912038450228,-2.1639748685869264
380,22.58,25.66,-1.4874187488856498,-2.164191503440334
381,22.59,25.66,-1.4868758464362193,-2.164371590103718
382,22.6,25.67,-1.4858605190784329,-2.1636846793907076
383,22.61,25.66,-1.4858168951178874,-2.163163390190692
384,22.61,25.67,-1.485979923584754,-2.1614154509038705
385,22.61,25.67,-1.4856549590892212,-2.1616475052520427
386,22.62,25.68,-1.4853602442886036,-2.1618194356775775
387,22.62,25.69,-1.483689480390044,-2.1618215802907947
388,22.63,25.7,-1.4840470596839817,-2.162209092627603
389,22.65,25.71,-1.4848583062147742,-2.1631394537505475
390,22.65,25.72,-1.4844312075928645,-2.1633123746253955
391,22.66,25.75,-1.4842434256498793,-2.1637251272454305
392,22.66,25.76,-1.4850184245336175,-2.162366258343082
393,22.66,25.77,-1.4854178039317325,-2.162789627491846
394,22.67,25.78,-1.4808258028828147,-2.15622379496432
395,22.64,25.81,-1.4840438000221163,-2.162221760860529
396,22.6,25.84,-1.4841481704729604,-2.16156577059496
397,22.58,25.85,-1.4833873966114275,-2.161446529971517
398,22.54,25.86,-1.4834519864239106,-2.1619070921477013
399,22.52,25.89,-1.4825642489940603,-2.1628047851671877
400,22.48,25.9,-1.4822132778272235,-2.160353057079142
401,22.44,25.91,-1.4818164491418062,-2.1611142385309896
402,22.4,25.91,-1.4821252667225213,-2.158150652974316
403,22.36,25.91,-1.4805537710443346,-2.1589558951531878
404,22.31,25.9,-1.483423856972063,-2.159624494890163
405,22.28,25.9,-1.480065506507828,-2.1612721632927934
406,22.24,25.89,-1.4828027087036704,-2.160196928778697
407,22.21,25.88,-1.4826608659646785,-2.1608408113882804
408,22.19,25.88,-1.4794690639748842,-2.1602079390808053
409,22.16,25.87,-1.4793717588465403,-2.1609886605073902
410,22.13,25.86,-1.4785490614781616,-2.1602091126611076
411,22.1,25.85,-1.4783178749060375,-2.1598641346232377
412,22.08,25.85,-1.480245702234656,-2.1607287980026144
413,22.05,25.85,-1.4810245261270618,-2.160533820182763
414,22.04,25.84,-1.4803718211274124,-2.1590011812847822
415,22.0,25.83,-1.481297026445126,-2.158981348470003
416,22.0,25.82,-1.4804075141031432,-2.1583677248650184
417,21.97,25.82,-1.4808698792455666,-2.1594309750084855
418,21.95,25.83,-1.480173380332186,-2.158976282735104
419,21.93,25.82,-1.4801172590751537,-2.1582757574836875
420,21.91,25.81,-1.4813732219718336,-2.159574392840588
421,21.89,25.8,-1.4813326573365402,-2.1596949687486555
422,21.88,25.8,-1.481060735459331,-2.1588816439634253
423,21.86,25.8,-1.4809000253875664,-2.1599483553098353
424,21.86,25.79,-1.481502682040351,-2.160702189644739
425,21.85,25.79,-1.4826910502807467,-2.1606933242676964
426,21.84,25.78,-1.481847324204815,-2.1609324712494122
427,21.83,25.77,-1.481527055989915,-2.1610678367998197
428,21.83,25.78,-1.4818577225594969,-2.1612284232527483
429,21.82,25.78,-1.481352158812242,-2.161941382721284
430,21.81,25.78,-1.481680869941283,-2.160770254507151
431,21.8,25.77,-1.4827598813078957,-2.1623378695241215
432,21.79,25.77,-1.4819495746002929,-2.161713875438656
433,21.78,25.77,-1.482795405670334,-2.16240180881556
434,21.78,25.76,-1.4824990036607788,-2.1623432810941083
435,21.77,25.76,-1.4824815040259416,-2.1612975891711526
436,21.76,25.77,-1.483914610586797,-2.160253986576315
437,21.75,25.76,-1.4844608203046523,-2.162009877432656
438,21.75,25.76,-1.4807494314902405,-2.1614900678141167
439,21.74,25.76,-1.481121231662906,-2.160712340585876
440,21.73,25.75,-1.484515828255188,-2.162064552423517
441,21.73,25.75,-1.482175698092562,-2.1616512039570086
442,21.72,25.75,-1.4849295328514034,-2.1617032654129176
443,21.72,25.74,-1.4834114052352716,-2.1642134082799767
444,21.7,25.74,-1.4846679216555507,-2.1632744817282323
445,21.71,25.74,-1.482252193973807,-2.1624324908027712
446,21.71,25.74,-1.4848845559967567,-2.1628317030346382
447,21.7,25.74,-1.4848027485638995,-2.16205972078089
448,21.69,25.74,-1.4836936775378757,-2.1639366364058863
449,21.69,25.75,-1.4833732782261781,-2.16394070486833
450,21.7,25.75,-1.4825904142951742,-2.162653933334988
451,21.69,25.75,-1.4836183687575164,-2.164096896336293
452,21.68,25.75,-1.4837362659231836,-2.1633353608754633
453,21.68,25.76,-1.4821940594373857,-2.1620999081699863
454,21.67,25.76,-1.4811527058571188,-2.16237830096469
455,21.67,25.76,-1.4807363215533718,-2.1606649424658473
456,21.67,25.74,-1.480600375225407,-2.1611589325056464
457,21.66,25.76,-1.479915206773796,-2.16150955391487
458,21.66,25.77,-1.4805071674110541,-2.160922340938191
459,21.65,25.77,-1.4798669197475949,-2.1606881547816537
460,21.63,25.78,-1.4797427307595648,-2.161415477912174
461,21.61,25.78,-1.479448215518478,-2.161100781566791
462,21.6,25.78,-1.4802304028481155,-2.161383235699778
463,21.58,25.79,-1.481040911417332,-2.161376748848756
464,21.56,25.8,-1.4794742000975478,-2.160910206468123
465,21.55,25.8,-1.4799838566884795,-2.160985624203751
466,21.53,25.81,-1.479748498538071,-2.160965102521764
467,21.5,25.82,-1.4791485427471658,-2.160223023142186
468,21.46,25.82,-1.479353157880151,-2.1588195682513187
469,21.42,25.83,-1.4799403920653775,-2.1597050667795004
470,21.39,25.84,-1.4786409386491237,-2.1587330396193956
471,21.35,25.86,-1.4788017674713843,-2.1591117496910814
472,21.32,25.85,-1.4796252131591723,-2.158851913440091
473,21.28,25.85,-1.4792128902718686,-2.158487880915798
474,21.24,25.86,-1.4797489119532603,-2.1589811180929575
475,21.19,25.86,-1.4794910246366653,-2.1587881868498884
476,21.15,25.86,-1.4773674776935033,-2.1588360969096287
477,21.11,25.86,-1.477787761219745,-2.1565543363696325
478,21.05,25.86,-1.4792332658596044,-2.156139140716137
479,21.02,25.86,-1.4787390083959242,-2.1559576428701113
480,20.97,25.86,-1.4798579170278863,-2.1573256979042754
481,20.93,25.86,-1.4782460068200387,-2.15389214852934
482,20.88,25.86,-1.4802274480704276,-2.1554898582158852
483,20.84,25.85,-1.4806361919059359,-2.1579972068424964
484,20.8,25.84,-1.4800664137021429,-2.158190300269703
485,20.75,25.84,-1.4781474527472789,-2.1557373298553304
486,20.72,25.83,-1.477387179233052,-2.1563072672680184
487,20.67,25.82,-1.4805542877970506,-2.1554365265998925
488,20.64,25.81,-1.480546640704888,-2.1558080173040377
489,20.61,25.8,-1.4789045674868917,-2.1551499973569603
490,20.57,25.8,-1.481344093173483,-2.15621375710224
491,20.54,25.8,-1.4774505452298068,-2.1553208421045498
492,20.51,25.8,-1.4806038067271174,-2.155778211404376
493,20.48,25.8,-1.4806872911660927,-2.155450615292003
494,20.45,25.79,-1.4769190723395524,-2.155099112458528
495,20.42,25.78,-1.4807585953983031,-2.1560008136324553
496,20.39,25.78,-1.47834089064727,-2.155292240405504
497,20.36,25.77,-1.4805188739842206,-2.155999170880698
498,20.34,25.77,-1.4810720585981607,-2.1559842560891025
499,20.31,25.77,-1.4783939893223998,-2.1558503149920663
500,20.27,25.76,-1.4812767415366963,-2.155914580040673
501,20.25,25.75,-1.4802920346796264,-2.154617928973043
502,20.22,25.76,-1.4788264344272213,-2.1550864557820772
503,20.19,25.75,-1.480627485800715,-2.154222582755582
504,20.17,25.74,-1.4801579017008129,-2.1533971802915683
505,20.14,25.74,-1.4814798681783614,-2.154072606438423
506,20.11,25.73,-1.4811475390918867,-2.155001597770616
507,20.09,25.74,-1.4788837523900715,-2.152518259777352
508,20.06,25.72,-1.4799910948119896,-2.151488507592223
509,20.03,25.73,-1.4813397656640843,-2.155080673589575
510,20.01,25.73,-1.4804398012516242,-2.1514734338959927
511,19.99,25.71,-1.4810405902579407,-2.1521195642374056
512,19.96,25.72,-1.479426925574488,-2.1552265495004757
513,19.94,25.72,-1.4808662098140681,-2.1554859624076554
514,19.92,25.71,-1.4812674529014571,-2.155807488990076
515,19.9,25.71,-1.4810051702101439,-2.1528208495069925
516,19.88,25.7,-1.481061280846791,-2.1540860764071867
517,19.86,25.7,-1.4816111875887543,-2.1554883400873917
518,19.84,25.69,-1.4805528483169998,-2.1551639777516187
519,19.83,25.69,-1.481600666217849,-2.155920336129949
520,19.82,25.69,-1.4803943952789138,-2.155364254388421
521,19.81,25.69,-1.4789543828568603,-2.1532442592751226
522,19.8,25.69,-1.4774466768891281,-2.1522402124603497
523,19.79,25.69,-1.476888825904368,-2.152031890160893
524,19.79,25.69,-1.4765863133163688,-2.1519057038839695
525,19.77,25.69,-1.4770767996403664,-2.151718192901141
526,19.76,25.69,-1.4773604065890273,-2.1516721471674876
527,19.74,25.69,-1.4763659854907405,-2.1507919726277125
528,19.73,25.7,-1.4770059263897726,-2.151424859404579
529,19.72,25.69,-1.4777788443041173,-2.151269444815755
530,19.71,25.7,-1.4770180805965338,-2.1512751794180334
531,19.69,25.71,-1.4776722700366043,-2.1521334996541017
532,19.66,25.72,-1.4786579478035258,-2.151373378078599
533,19.65,25.72,-1.4769730363971396,-2.150592312992834
534,19.63,25.71,-1.477284070742161,-2.149874205108762
535,19.63,25.73,-1.4770738432926347,-2.15064995214288
536,19.6,25.74,-1.476848420681069,-2.14908232668761
537,19.58,25.74,-1.477708800146222,-2.14905150905156
538,19.56,25.75,-1.4777503045314275,-2.148155279730236
539,19.53,25.76,-1.476467192660723,-2.1491932794586774
540,19.5,25.77,-1.4766951448870573,-2.1488975032620483
541,19.45,25.77,-1.4779441247957081,-2.148903821398615
542,19.41,25.76,-1.4782666661324553,-2.1487225793297626
543,19.37,25.77,-1.4777479217723823,-2.1456256136404983
544,19.32,25.76,-1.4790859568729156,-2.1471621707265247
545,19.27,25.76,-1.4772183968126893,-2.1450515738392566
546,19.29,25.76,-1.4772987493171408,-2.1466834777420662
547,19.27,25.74,-1.482247718546966,-2.146687204180502
548,19.41,25.73,-1.4795455203792438,-2.1492029238083665
549,19.44,25.73,-1.4811642127111577,-2.1501617083917384
550,19.47,25.72,-1.481829780304805,-2.1528874714986945
551,19.51,25.71,-1.4815806840285206,-2.152385677419165
552,19.54,25.7,-1.4829269751369305,-2.1547811327815722
553,19.59,25.68,-1.4830945135473026,-2.1554283121054447
554,19.64,25.68,-1.481505581248819,-2.1545543422883284
555,19.7,25.67,-1.4827707218430894,-2.1542659757650315
556,19.76,25.66,-1.4820524144777898,-2.1544003846605677
557,19.83,25.67,-1.4822916734016705,-2.1537612589489763
558,19.89,25.66,-1.4824863373601436,-2.155586925427997
559,19.96,25.65,-1.4815153151819307,-2.1543843397144236
560,20.02,25.65,-1.4825456971078732,-2.154631805138789
561,20.06,25.65,-1.4821610738948174,-2.156010018757172
562,20.1,25.64,-1.4828931718668805,-2.1565743255889704
563,20.13,25.65,-1.48365139950025,-2.156459067756174
564,20.16,25.64,-1.4828204480705642,-2.1579948173769257
565,20.19,25.64,-1.4832031163450046,-2.15769941379073
566,20.19,25.63,-1.4838015854705893,-2.157407953733847
567,20.25,25.63,-1.4838300818282097,-2.1563326679474364
568,20.28,25.62,-1.4839066706325463,-2.157152750003755
569,20.29,25.62,-1.482546570414726,-2.156216592666143
570,20.31,25.63,-1.4831876787162162,-2.1578269867692934
571,20.32,25.64,-1.4822415819624692,-2.1567105826757245
572,20.33,25.62,-1.4829936528403502,-2.1581642963426755
573,20.33,25.63,-1.484210330762563,-2.158768489602642
574,20.35,25.63,-1.483545036606388,-2.1580806592097184
575,20.37,25.62,-1.4834606981301388,-2.1570599004555113
576,20.37,25.63,-1.485486195777144,-2.160022136341731
577,20.38,25.63,-1.486913582723001,-2.1565929474519874
578,20.38,25.63,-1.4871343240608372,-2.160791997996811
579,20.39,25.63,-1.4857491187563265,-2.16003561133521
580,20.4,25.62,-1.486320918504448,-2.1580915235766946
581,20.41,25.62,-1.4861964389190623,-2.1587630379659655
582,20.42,25.62,-1.4877476431878085,-2.1622021582000532
583,20.45,25.62,-1.4874195963185555,-2.1626269516787597
584,20.49,25.64,-1.4868019096841087,-2.1618645645656804
585,20.55,25.64,-1.4879353226267205,-2.162498424690552
586,20.61,25.63,-1.4878078337328384,-2.1624101528828255
587,20.65,25.64,-1.4883218207757527,-2.1613581528663617
588,20.68,25.64,-1.4862451944625727,-2.1614295949401185
589,20.71,25.64,-1.4868024702427243,-2.161507653225896
590,20.72,25.64,-1.4873607237916626,-2.16221870633228
591,20.75,25.65,-1.4869682264703563,-2.1628672170905303
592,20.78,25.65,-1.4875644593814592,-2.1631498043610637
593,20.83,25.65,-1.4878801335538143,-2.16182763719557
594,20.88,25.65,-1.487375189751113,-2.161113549606479
595,20.93,25.66,-1.4851883270445196,-2.1601323168396824
596,20.96,25.66,-1.485020522738617,-2.1595258454542234
597,20.99,25.65,-1.4854120484924183,-2.1585463159245295
598,21.03,25.66,-1.48496718618953,-2.1588917345884
599,21.04,25.68,-1.4843231084500377,-2.159218407999434
600,21.06,25.69,-1.4850584828664315,-2.158507763083612
601,21.04,25.7,-1.4861958624902893,-2.159838304926621
602,21.05,25.71,-1.4852544060856985,-2.160590691259651
603,21.06,25.73,-1.4845541009301322,-2.160065683720373
604,21.05,25.73,-1.4853490287533033,-2.1608180923824354
605,21.03,25.74,-1.4844045499980456,-2.159789929496228
606,21.03,25.75,-1.4852445425561707,-2.1599922360514068
607,21.02,25.76,-1.485896908979711,-2.160699714622973
608,21.01,25.77,-1.4862711439024354,-2.160368720418983
609,21.0,25.79,-1.4864427096028865,-2.1599514540253058
610,21.02,25.8,-1.4871904130757938,-2.1595738850971884
611,21.02,25.79,-1.4864892394599538,-2.160115882724002
612,21.01,25.81,-1.4863574148922263,-2.1595407361034495
613,21.02,25.82,-1.4878313226509192,-2.1615659681516735
614,21.04,25.82,-1.4875106811160796,-2.161634497026809
615,21.05,25.82,-1.4877317237378567,-2.161973889472679
616,21.06,25.82,-1.4883221284803232,-2.1626103332000253
617,21.08,25.81,-1.4877478183790491,-2.162810415246792
618,21.12,25.81,-1.4871908133998968,-2.161963776335279
619,21.15,25.81,-1.488903770158779,-2.162664620320365
620,21.19,25.81,-1.4882507028773944,-2.162296648636735
621,21.24,25.81,-1.489240266028375,-2.1634025133388453
622,21.31,25.8,-1.4894353856522886,-2.163346581820054
623,21.37,25.79,-1.489220701323728,-2.1646790862719465
624,21.42,25.79,-1.4896806812095755,-2.163991797671541
625,21.46,25.79,-1.4901022231882795,-2.1647303832266016
626,21.49,25.8,-1.489008524295676,-2.164188905995425
627,21.51,25.79,-1.489708237737841,-2.1655045389171477
628,21.53,25.79,-1.4898221510621203,-2.164777920129655
629,21.55,25.78,-1.4893790380143577,-2.164195285144586
630,21.56,25.78,-1.4883946996156103,-2.1646428482783224
631,21.56,25.79,-1.4905471740168426,-2.164472774887788
632,21.58,25.79,-1.490228382604191,-2.1653864116998798
633,21.59,25.79,-1.4909469691062058,-2.164616898169813
634,21.59,25.79,-1.4901860765350559,-2.164903804759906
635,21.6,25.78,-1.4911078376177254,-2.1651238370212624
636,21.61,25.79,-1.4909757375435198,-2.1644077755068554
637,21.61,25.79,-1.489924532969071,-2.165020386424311
638,21.62,25.79,-1.4899441442362453,-2.164770438725764
639,21.62,25.79,-1.4910740825740545,-2.1655554517461613
640,21.63,25.78,-1.4918459583038233,-2.165502728124787
641,21.63,25.79,-1.4917997674153416,-2.1650071931516788
642,21.63,25.79,-1.492815567013071,-2.1663638007725
643,21.63,25.79,-1.491537259864568,-2.164822175526314
644,21.64,25.79,-1.4915703768367667,-2.164169930441872
645,21.65,25.78,-1.492596061248024,-2.1640610127240087
646,21.65,25.79,-1.4927284807100016,-2.164723581954727
647,21.68,25.79,-1.4924487761270218,-2.1644717396497235
648,21.7,25.79,-1.4932535568904097,-2.164812029129307
649,21.71,25.78,-1.492806320836941,-2.1651798854567152
650,21.74,25.79,-1.4926396652735618,-2.164062393540532
651,21.78,25.79,-1.4931572183608475,-2.166248175615731
652,21.84,25.8,-1.4929988852202125,-2.166914893613083
653,21.9,25.8,-1.4935719552038018,-2.1671615089196945
654,21.97,25.8,-1.4929718919667145,-2.166733045924099
655,22.02,25.8,-1.4927447366786166,-2.1671730651222503
656,22.06,25.8,-1.4924566980058755,-2.1668716623567743
657,22.1,25.8,-1.4926104109001064,-2.167284999273297
658,22.14,25.81,-1.492403982691406,-2.1678066997831555
659,22.2,25.82,-1.4920807776896958,-2.166862999345473
660,22.28,25.82,-1.4923553805279892,-2.167387797879105
661,22.38,25.82,-1.4915846373078905,-2.166688903812349
662,22.47,25.83,-1.4908957932377163,-2.166008201573767
663,22.57,25.82,-1.4905785801626685,-2.166221593362128
664,22.69,25.84,-1.4912334242207101,-2.1657864880667588
665,22.79,25.84,-1.49175925891588,-2.1663730676359894
666,22.89,25.84,-1.4919002953325011,-2.1655636815970114
667,22.99,25.85,-1.492176796034873,-2.165597292357764
668,23.1,25.86,-1.4956168965425654,-2.1649304331134944
669,23.18,25.86,-1.4940506815421986,-2.162553982653562
670,23.29,25.87,-1.4946170174889912,-2.162735603302012
671,23.37,25.88,-1.4952957828487057,-2.162629553308343
672,23.46,25.88,-1.495573468035914,-2.1628469930791265
673,23.54,25.89,-1.4965256291860396,-2.162916124834009
674,23.61,25.9,-1.4953706479117133,-2.162827759336641
675,23.69,25.92,-1.4961625907711749,-2.1638752906923284
676,23.76,25.93,-1.496693047985846,-2.1681202549740464
677,23.82,25.95,-1.494917147884656,-2.1644372186810275
678,23.87,25.96,-1.4968819667096822,-2.1683630195606334
679,23.88,25.96,-1.4969771514629635,-2.1658030860927364
680,23.9,25.99,-1.496828104345878,-2.169741903309493
681,23.9,26.0,-1.49694576938561,-2.1699992362121168
682,23.89,26.02,-1.4971996243947103,-2.170422806172275
683,23.88,26.04,-1.4970950078754395,-2.168987474686843
684,23.87,26.06,-1.4985578231581003,-2.1669670955399374
685,23.85,26.08,-1.4970123790452508,-2.1660873784799337
686,23.83,26.1,-1.498111752635389,-2.170155242268145
687,23.8,26.12,-1.4981774424523089,-2.1665779360460573
688,23.78,26.14,-1.4979134393315703,-2.1703203372341084
689,23.77,26.15,-1.499324500607044,-2.170720216172558
690,23.76,26.16,-1.4985603763116855,-2.1668597327774375
691,23.75,26.18,-1.4985180134562477,-2.166405955550085
692,23.73,26.19,-1.4949160511623742,-2.1679084166646025
693,23.72,26.19,-1.497983546366023,-2.1691715274704
694,23.75,26.19,-1.4948697426401882,-2.168631929667866
695,23.77,26.21,-1.49579125265423,-2.169222141425049
696,23.78,26.21,-1.5011599030173917,-2.1705557336289463
697,23.79,26.21,-1.4973655532172139,-2.1712872135631334
698,23.79,26.21,-1.4967297189745168,-2.170499659158373
699,23.8,26.21,-1.4970772183411625,-2.171176963815621
700,23.83,26.21,-1.496080763982895,-2.169332104617302
701,23.84,26.21,-1.4973846194470257,-2.1716419918587304
702,23.87,26.21,-1.4973416293119133,-2.171476204212375
703,23.9,26.21,-1.4984294765430637,-2.171297500999116
704,23.91,26.21,-1.496905116225087,-2.1718281580367917
705,23.93,26.22,-1.4986218389891695,-2.1719141951732004
706,23.94,26.22,-1.4990724429526796,-2.1719412788081462
707,23.95,26.23,-1.4984215718150335,-2.1715323998274276
708,23.96,26.23,-1.4983111765349084,-2.171205685272347
709,23.97,26.23,-1.4985609904454422,-2.172197636408731
710,23.97,26.23,-1.497992311642243,-2.1714177499425116
711,23.97,26.24,-1.4986230322823972,-2.1723011841682967
712,23.98,26.24,-1.4982868251500252,-2.1713307708555285
713,23.99,26.25,-1.5011138650629279,-2.171738400584396
714,23.99,26.25,-1.4967700068911407,-2.170509984737737
715,23.99,26.25,-1.5021709541344788,-2.171556280773333
716,24.0,26.27,-1.498180863404355,-2.171459201993275
717,24.0,26.26,-1.4977526298841974,-2.170594077668694
718,24.0,26.27,-1.498139373387222,-2.1702910462967937
719,24.0,26.27,-1.4989285990826136,-2.1709308561824234
720,24.0,26.28,-1.5028239551797926,-2.1705509702216923
721,24.01,26.29,-1.5026875874676069,-2.1709318096437955
722,24.01,26.29,-1.5040380195956673,-2.1701656457602216
723,24.02,26.29,-1.5040444549275025,-2.1699127351222183
724,24.01,26.3,-1.5037665574195527,-2.1695364706554487
725,24.01,26.31,-1.5032144363471358,-2.168749570477044
726,24.01,26.31,-1.5035996625769805,-2.1737603607535863
727,24.02,26.32,-1.5038554375611062,-2.1701461247544955
728,24.02,26.32,-1.5046133933934567,-2.1738362690536954
729,24.02,26.33,-1.5045461640858875,-2.1736250505313235
730,24.02,26.34,-1.504950413777058,-2.1709803642516743
731,24.02,26.35,-1.503911390218249,-2.174698699662825
732,24.03,26.35,-1.5045323011825913,-2.17154637812862
733,24.03,26.36,-1.503873036416873,-2.1764438493137397
734,24.03,26.36,-1.5023759812466784,-2.1760603520466377
735,24.04,26.37,-1.5002335070350117,-2.1706636441236946
736,24.03,26.38,-1.5012703717556735,-2.175524655630808
737,24.03,26.39,-1.5000659011505417,-2.1746920281662936
738,24.03,26.4,-1.499212136746765,-2.1745063471175867
739,24.02,26.41,-1.498991004871777,-2.1745412705977247
740,24.01,26.42,-1.500527985057284,-2.1754768037408163
741,24.02,26.43,-1.499903178524938,-2.1748945144844685
742,24.04,26.45,-1.499774930931687,-2.174993775403038
743,24.03,26.48,-1.4991463008548513,-2.175601915402479
744,24.02,26.49,-1.5004263688989044,-2.1739071881006415
745,24.02,26.5,-1.500264389472572,-2.174878944071987
746,24.01,26.54,-1.4991160522230662,-2.173630233930299
747,23.96,26.54,-1.5001233162985315,-2.1728365135772574
748,23.93,26.57,-1.50006713205633,-2.173176786397135
749,23.89,26.61,-1.4997147258199026,-2.172273673668586
750,23.85,26.62,-1.500309781846127,-2.1676514492213457
751,23.81,26.62,-1.4990918451937458,-2.167350499406468
752,23.75,26.64,-1.495080042339853,-2.1703166520346757
753,23.72,26.64,-1.4968956780558416,-2.168465511913432
754,23.69,26.67,-1.496573915288362,-2.1676916211526622
755,23.64,26.67,-1.4957648001987365,-2.1687458780324183
756,23.61,26.67,-1.4926795655554614,-2.169168147991356
757,23.58,26.67,-1.4937533504561256,-2.166402390481127
758,23.55,26.67,-1.4961374831407754,-2.1702206959528043
759,23.53,26.67,-1.4950757562603791,-2.1703309396012993
760,23.49,26.69,-1.495390691327618,-2.169560897709454
761,23.46,26.68,-1.4955631514527117,-2.1683828221442574
762,23.43,26.68,-1.496099672023921,-2.1687683266783324
763,23.4,26.67,-1.4968724623613034,-2.1699178113894995
764,23.37,26.66,-1.496809581155492,-2.171167859157294
765,23.36,26.66,-1.4967316272339048,-2.170434341732615
766,23.34,26.66,-1.4970074305145071,-2.1709234603078915
767,23.31,26.65,-1.4968065639812567,-2.1705337860981353
768,23.3,26.64,-1.4960354525780768,-2.1700647090261787
769,23.28,26.64,-1.4970863699953512,-2.1701651083139195
770,23.26,26.64,-1.4967984057772836,-2.1713997056836676
771,23.25,26.63,-1.4967986276813365,-2.169820113987295
772,23.22,26.63,-1.49731382338571,-2.1699063251639856
773,23.21,26.62,-1.496435136353942,-2.1709112682964387
774,23.19,26.62,-1.4963327132690911,-2.170999790493444
775,23.18,26.61,-1.496731971522873,-2.1703617343556907
776,23.16,26.61,-1.4970430927316014,-2.17044955853622
777,23.15,26.62,-1.4976883454933863,-2.170342019334743
778,23.13,26.61,-1.4970971291971469,-2.16998167158798
779,23.12,26.6,-1.4968303035263395,-2.1708152579867512
780,23.1,26.61,-1.495933129021121,-2.1703326821447897
781,23.09,26.61,-1.496373746102195,-2.169764934197238
782,23.08,26.6,-1.4983380487749738,-2.1705312585806262
783,23.08,26.61,-1.4963621283963089,-2.169792052446594
784,23.06,26.6,-1.4973948771046817,-2.1706810726069
785,23.05,26.61,-1.496191278720309,-2.169037431904304
786,23.04,26.61,-1.4978611317445978,-2.169463421388526
787,23.04,26.6,-1.4970979632818882,-2.168095324906277
788,23.02,26.6,-1.497915195587896,-2.168992777386288
789,23.01,26.6,-1.4978103122160833,-2.1680059575225394
790,23.01,26.6,-1.497685921489296,-2.1679996495731753
791,23.0,26.61,-1.497725997087268,-2.1691665327349594
792,22.99,26.6,-1.4968374778502949,-2.169700041422962
793,22.98,26.59,-1.496829247987997,-2.1702346058175306
794,22.97,26.6,-1.4967308376295316,-2.1704708144664844
795,22.96,26.61,-1.4960327700093972,-2.1698203435182424
796,22.95,26.6,-1.4957177000519672,-2.1697358256894494
797,22.94,26.6,-1.4958974177609932,-2.1702543007298427
798,22.94,26.6,-1.4944673577720025,-2.1698462109342427
799,22.93,26.6,-1.4956945911211343,-2.1686100011135627
800,22.91,26.62,-1.4943295661150569,-2.1696672048691594
801,22.91,26.62,-1.4991448872432855,-2.1691531082600726
802,22.9,26.63,-1.4975640988731516,-2.168359230941951
803,22.9,26.63,-1.4970471054631282,-2.167965739505273
804,22.89,26.63,-1.4908708065743803,-2.1645648723440134
805,22.89,26.63,-1.494054664465266,-2.1643115880444044
806,22.88,26.64,-1.4901294892875816,-2.164176174363783
807,22.88,26.65,-1.4944859190476396,-2.167448637991666
808,22.86,26.65,-1.4904234784348551,-2.1631627082861615
809,22.86,26.66,-1.4942345081625787,-2.167345903295811
810,22.85,26.67,-1.493715446422177,-2.1636449514474765
811,22.85,26.67,-1.4944262130257862,-2.163285529525261
812,22.84,26.69,-1.495343211423686,-2.1633708727686485
813,22.83,26.7,-1.4942340176406068,-2.16290205762289
814,22.83,26.71,-1.4939367981501928,-2.163517221789489
815,22.85,26.72,-1.494303252237713,-2.1639592005942863
816,22.87,26.74,-1.4931856494134605,-2.1639374299267606
817,22.85,26.76,-1.491841207116887,-2.1633078120137057
818,22.82,26.8,-1.4919621777337375,-2.1645553687255275
819,22.78,26.83,-1.488432944393251,-2.1643492598968432
820,22.73,26.86,-1.4912710431243703,-2.165269838009977
821,22.67,26.87,-1.4877129767409463,-2.1655134628328745
822,22.61,26.88,-1.4881842850169853,-2.1651704375856187
823,22.54,26.88,-1.487450958670613,-2.1655698690432215
824,22.49,26.89,-1.4885320813554377,-2.1669719599416744
825,22.42,26.89,-1.4873640075284122,-2.1659649034568544
826,22.38,26.88,-1.4888195871720218,-2.165658603013695
827,22.32,26.89,-1.4887221274259972,-2.1640045254999682
828,22.28,26.9,-1.487971311550531,-2.1651134863880066
829,22.23,26.88,-1.4878087802976738,-2.165508431046602
830,22.19,26.89,-1.487167818474724,-2.16499238319523
831,22.15,26.89,-1.4867397902225556,-2.165547961909177
832,22.11,26.89,-1.4864303729011914,-2.1649235709636185
833,22.06,26.89,-1.487741743877769,-2.1646865301579443
834,22.01,26.91,-1.4864066635258915,-2.1626534630497813
835,21.96,26.88,-1.4882524447175376,-2.163260187168834
836,21.89,26.86,-1.4891055532555408,-2.1644525498224665
837,21.85,26.85,-1.4859715988074385,-2.1615165314148603
838,21.82,26.84,-1.4901128583227374,-2.161682694095817
839,21.82,26.82,-1.4866281121591658,-2.162317387194654
840,21.79,26.81,-1.4905681381256768,-2.1658171968780024
841,21.78,26.81,-1.4888117366040432,-2.1653316092034522
842,21.77,26.8,-1.4882174350709463,-2.1632089046868574
843,21.76,26.79,-1.487552484969842,-2.1622863379387836
844,21.74,26.8,-1.490654133465626,-2.163507810065834
845,21.72,26.79,-1.4886150309768722,-2.1628351878577257
846,21.72,26.78,-1.4883289854684636,-2.165212383718415
847,21.7,26.78,-1.491131160358108,-2.162182150591945
848,21.7,26.78,-1.4890771802779081,-2.1620212132974146
849,21.69,26.76,-1.490479630772487,-2.1620060825655103
850,21.68,26.77,-1.4880734966649312,-2.1605243930702396
851,21.68,26.76,-1.4878409223294629,-2.161344230879068
852,21.7,26.76,-1.4886968000533607,-2.160461120602956
853,21.69,26.75,-1.4920705354512775,-2.163775710432237
854,21.69,26.76,-1.4891903981571382,-2.1628097005309734
855,21.69,26.75,-1.4895046721283962,-2.160007991545893
856,21.69,26.74,-1.4923473901427373,-2.1601872951091825
857,21.69,26.75,-1.4924271909458326,-2.162479914074934
858,21.7,26.75,-1.4924442988068571,-2.1619613076525264
859,21.69,26.75,-1.4924307538824126,-2.1629292286565764
860,21.7,26.74,-1.4914221276932706,-2.163799802411036
861,21.69,26.75,-1.491392559768028,-2.1635008464668783
862,21.69,26.74,-1.491853546657503,-2.1639281432464466
863,21.68,26.75,-1.492247513001182,-2.161441918074482
864,21.69,26.75,-1.4916975345657,-2.1633556895637445
865,21.69,26.74,-1.4917889004416514,-2.162906856409629
866,21.69,26.74,-1.4904483861533875,-2.1627917635855827
867,21.69,26.74,-1.4925538269885312,-2.163319915743903
868,21.69,26.74,-1.4925624913819504,-2.1633112991086714
869,21.69,26.75,-1.4929895183096609,-2.1630859793653063
870,21.69,26.75,-1.4909635190123618,-2.163062958625809
871,21.69,26.75,-1.4919902267477967,-2.16338519035332
872,21.7,26.75,-1.4908634512979249,-2.1633399227246497
873,21.71,26.75,-1.4920612686304349,-2.1626898510945813
874,21.71,26.75,-1.4912380191511085,-2.1620288447563465
875,21.73,26.76,-1.491170231031525,-2.1621766158102953
876,21.81,26.77,-1.4906272354192613,-2.1604247410965858
877,22.02,26.77,-1.4891722278915234,-2.1597411270550895
878,22.27,26.78,-1.489467840208699,-2.1598567336560945
879,22.49,26.78,-1.4878059497542429,-2.1598705788545125
880,22.58,26.78,-1.4888909055510064,-2.159547943402435
881,22.63,26.79,-1.4875380871116832,-2.1605388293261045
882,22.63,26.8,-1.4881243925196932,-2.16050658961394
883,22.66,26.82,-1.4875927239459443,-2.160306274651246
884,22.67,26.82,-1.4871722156649372,-2.1605080880641134
885,22.68,26.84,-1.4880813083560425,-2.161264458432112
886,22.68,26.85,-1.4871359918495552,-2.1605320186679413
887,22.64,26.89,-1.4883436309240559,-2.159628420311348
888,22.61,26.9,-1.4879477133148744,-2.1605718230405295
889,22.57,26.91,-1.4889982502104284,-2.159472774295778
890,22.55,26.92,-1.4879433924736671,-2.159627963428308
891,22.51,26.93,-1.4888180441251044,-2.160302593233089
892,22.5,26.92,-1.4870948316752695,-2.1608495766513296
893,22.48,26.93,-1.4874714296530362,-2.1618464793120866
894,22.46,26.93,-1.4878271871982338,-2.161917067950276
895,22.44,26.93,-1.4870309626607425,-2.162338876557317
896,22.43,26.93,-1.4868114098906993,-2.1612565624270608
897,22.41,26.92,-1.487320554485951,-2.16148342506494
898,22.39,26.93,-1.4863632730673118,-2.160889487549456
899,22.38,26.93,-1.4863211262502234,-2.159195905576436
900,22.35,26.93,-1.4859739984610663,-2.1614114591211293
901,22.33,26.93,-1.485950870145922,-2.161709689414404
902,22.33,26.93,-1.4870854849249477,-2.161137075255834
903,22.32,26.93,-1.4866165348828309,-2.160571916259996
904,22.31,26.92,-1.4868477219785436,-2.1579832091911166
905,22.29,26.92,-1.4883925069000326,-2.1600042295759194
906,22.28,26.91,-1.4880268175449278,-2.157921627404254
907,22.27,26.91,-1.487476157620986,-2.1595276461777235
908,22.25,26.92,-1.4877463560728899,-2.1579776918431697
909,22.24,26.91,-1.4880091531172872,-2.1602958799938636
910,22.23,26.9,-1.4885487759249745,-2.158273112517121
911,22.22,26.9,-1.485715433620222,-2.1581363912181004
912,22.2,26.89,-1.4853376061363566,-2.1584093829551274
913,22.19,26.89,-1.4886868468152257,-2.1580373279292364
914,22.19,26.88,-1.4852386620710287,-2.1578848628986553
915,22.17,26.87,-1.4871324771572363,-2.1573132758911147
916,22.16,26.87,-1.488326987575339,-2.161134197476938
917,22.15,26.87,-1.4874648381465505,-2.1571674758496298
918,22.16,26.87,-1.4877275229406925,-2.1564555132167946
919,22.14,26.86,-1.4878061660129696,-2.156811385604636
920,22.14,26.86,-1.4882456471980818,-2.159717268355933
921,22.14,26.86,-1.487884166057711,-2.156870326715377
922,22.13,26.86,-1.4883688189603443,-2.1604588260970643
923,22.13,26.85,-1.4873619769355113,-2.1600566759191357
924,22.14,26.85,-1.4891394881169138,-2.1586272247837712
925,22.15,26.85,-1.4885898844718939,-2.1606982865967033
926,22.14,26.85,-1.489522045353211,-2.1606795608586835
927,22.13,26.85,-1.4889645085622634,-2.1619320098956396
928,22.13,26.85,-1.4875863052921543,-2.157844898080933
929,22.12,26.84,-1.487903486826684,-2.1610607323227105
930,22.12,26.85,-1.4881026527733887,-2.161030422792369
931,22.11,26.84,-1.4884821434120081,-2.160069569655885
932,22.12,26.83,-1.4877745549277375,-2.1602649795722337
933,22.11,26.84,-1.4896553494242046,-2.1605006749854345
934,22.11,26.85,-1.4895714986184534,-2.1609354442486337
935,22.1,26.84,-1.48887278459151,-2.161157489186433
936,22.19,26.85,-1.4890442007588105,-2.161340242771442
937,22.27,26.85,-1.4905157290809679,-2.1616198890276674
938,22.29,26.84,-1.4896000101282325,-2.1614390578740412
939,22.37,26.84,-1.4896402186222881,-2.1602913393774488
940,22.4,26.85,-1.4905738466159641,-2.160950117415251
941,22.55,26.86,-1.4902523966220216,-2.159926682022928
942,22.7,26.85,-1.4905645076884717,-2.1605595983179136
943,22.83,26.86,-1.4912424190332056,-2.1603472500387433
944,23.02,26.87,-1.4905957294253884,-2.1607922024212702
945,23.21,26.89,-1.4900065768530804,-2.1610978947414647
946,23.38,26.93,-1.4901642609758683,-2.1619313569354013
947,23.5,26.96,-1.489105036753328,-2.162970284737083
948,23.6,26.97,-1.4890733431837648,-2.1637866943811037
949,23.65,26.97,-1.485466026068313,-2.1601180635466464
950,23.69,26.98,-1.4850428815698506,-2.1610926979804366
951,23.71,27.01,-1.4844161825192845,-2.1610728715825576
952,23.73,27.03,-1.4848871828627757,-2.1604222447881747
953,23.72,27.04,-1.4845297526938275,-2.160948906780313
954,23.73,27.06,-1.4853757241572254,-2.1614523825259098
955,23.71,27.07,-1.4894093026872715,-2.1617786988624528
956,23.69,27.1,-1.48463787740282,-2.1619343129375497
957,23.68,27.12,-1.4847707088522444,-2.162516309412178
958,23.65,27.16,-1.4854327723496639,-2.1617818388099037
959,23.6,27.18,-1.4871491168937068,-2.162238867410228
960,23.57,27.2,-1.4860041482129096,-2.1630203846545397
961,23.54,27.22,-1.4854992661788629,-2.1631603931135985
962,23.51,27.23,-1.4866288320415082,-2.1635097439547413
963,23.47,27.25,-1.4867830106093798,-2.1639588262156217
964,23.42,27.25,-1.4822537880536015,-2.1617902340104465
965,23.39,27.26,-1.4871125257514,-2.162224270358005
966,23.36,27.27,-1.4865512978095017,-2.1619394168847728
967,23.33,27.29,-1.4861013442574424,-2.1609436405281066
968,23.3,27.28,-1.4873000434149328,-2.161905411895071
969,23.27,27.29,-1.4858860744007012,-2.1626384503251974
970,23.25,27.3,-1.4858122304607042,-2.1627627929283646
971,23.22,27.31,-1.4851114259898877,-2.1623925539718134
972,23.19,27.31,-1.486292979771037,-2.162167514248263
973,23.17,27.31,-1.485480267219419,-2.1619529436813187
974,23.15,27.31,-1.4850701637939898,-2.1623988511443644
975,23.12,27.31,-1.4865125378492483,-2.1649637043871475
976,23.11,27.32,-1.4862479989577135,-2.16321120142248
977,23.09,27.31,-1.4866183304996692,-2.1642179480528827
978,23.07,27.31,-1.4863997446489985,-2.161055983662987
979,23.05,27.31,-1.4874236074519591,-2.163925111721568
980,23.03,27.31,-1.4860961955630252,-2.1633514098561077
981,23.02,27.3,-1.4854603601021221,-2.1619101338085893
982,23.0,27.3,-1.486365404384193,-2.160112406983323
983,22.99,27.31,-1.487207282569813,-2.1602607375469907
984,22.98,27.31,-1.4863982591598162,-2.1622208999539487
985,22.98,27.31,-1.4863914280967665,-2.1603518179845524
986,22.96,27.31,-1.4868065761504,-2.1600403510540676
987,22.94,27.31,-1.486694508107893,-2.1616145469454064
988,22.94,27.31,-1.4863040216726973,-2.161396213071175
989,22.93,27.32,-1.4859009674129895,-2.1592543057713733
990,22.92,27.32,-1.485382477479668,-2.1617585034159874
991,22.9,27.32,-1.486429279076427,-2.1599924039591802
992,22.89,27.32,-1.4856868068587006,-2.1593983131832473
993,22.89,27.32,-1.4855331720309621,-2.15976664476816
994,22.88,27.32,-1.4866056684102726,-2.159430293091242
995,22.86,27.31,-1.4851459136911171,-2.1591954265283335
996,22.86,27.32,-1.4860862115279578,-2.162345180607588
997,22.85,27.33,-1.4871283985930055,-2.1605255244301884
998,22.84,27.32,-1.4866432490737138,-2.1600959435668288
999,22.83,27.32,-1.4865130746531052,-2.1630405640189383
1000,22.81,27.34,-1.4860292876096777,-2.160192394621359
1001,22.8,27.34,-1.4865220965797716,-2.163156699215352
1002,22.79,27.33,-1.4858695962022783,-2.1594570083355147
1003,22.79,27.33,-1.4858134497122881,-2.159404048225299
1004,22.78,27.35,-1.4858987913152812,-2.1614450135103653
1005,22.77,27.34,-1.4849641647018914,-2.1618515436709673
1006,22.77,27.34,-1.4847683179040103,-2.160990967168297
1007,22.76,27.35,-1.4847444695165337,-2.1608929884966983
1008,22.76,27.34,-1.4849797638448794,-2.1610528024795825
1009,22.75,27.34,-1.4850610344072919,-2.161783313123888
1010,22.74,27.35,-1.4846749718711665,-2.1620117668452488
1011,22.73,27.36,-1.4843177136223002,-2.160520386079314
1012,22.81,27.36,-1.4853358155576886,-2.1618106289712147
1013,22.83,27.36,-1.4852470687860502,-2.1625584331046808
1014,22.84,27.37,-1.4855790670871514,-2.1608925352749235
1015,22.85,27.38,-1.4836032373007135,-2.1590890022719864
1016,22.86,27.38,-1.4821742064878287,-2.156664802947434
1017,22.87,27.37,-1.4817669248691023,-2.1569615753651687
1018,22.88,27.38,-1.4812468521798545,-2.1573789843117313
1019,22.88,27.39,-1.4817229508670524,-2.156721468872573
1020,22.88,27.4,-1.4816154429833823,-2.157751012103075
1021,22.88,27.42,-1.4805806340001288,-2.157268395862513
1022,22.87,27.42,-1.4807075783068167,-2.156860173016342
1023,22.88,27.43,-1.4810378141597658,-2.1579287239980665
1024,22.87,27.44,-1.48086155188477,-2.1575161012518214
1025,22.87,27.46,-1.480961384877652,-2.158074333769832
1026,22.86,27.46,-1.4813377552713725,-2.1574624666610838
1027,22.85,27.47,-1.4809068264088852,-2.158387999251311
1028,22.85,27.46,-1.4801925651764998,-2.1579484585346806
1029,22.85,27.48,-1.4803225226253451,-2.155636275844201
1030,22.84,27.49,-1.480359939824913,-2.157313783416597
1031,22.82,27.51,-1.4797887066742783,-2.1557889364953953
1032,22.81,27.51,-1.4798349527182677,-2.1552954333777876
1033,22.79,27.53,-1.4804607605734343,-2.155219520329606
1034,22.78,27.54,-1.4794735544711546,-2.155997168861398
1035,22.75,27.54,-1.4788809238037812,-2.155146091567747
1036,22.72,27.56,-1.4774926137307975,-2.1558588469875377
1037,22.7,27.56,-1.476675765101934,-2.1558011463746265
1038,22.67,27.56,-1.4756089533456977,-2.155068261576214
1039,22.65,27.56,-1.4760438961653226,-2.1556579473890234
1040,22.63,27.56,-1.4753590497376394,-2.1548213575884505
1041,22.62,27.57,-1.4724976381509751,-2.1499924774316708
1042,22.6,27.57,-1.47405802928518,-2.153912577143778
1043,22.58,27.57,-1.4749216355803922,-2.1541077771412573
1044,22.56,27.57,-1.4737002998988842,-2.154151709459827
1045,22.55,27.57,-1.4748388216676276,-2.154733478351144
1046,22.53,27.58,-1.473996081139302,-2.1515606579930324
1047,22.51,27.57,-1.4740511030071028,-2.1532246062393052
1048,22.49,27.57,-1.4733316166740367,-2.1535522317011395
1049,22.48,27.56,-1.4740344138586627,-2.1533646301926734
1050,22.46,27.56,-1.4725712753057174,-2.149684838876922
1051,22.45,27.55,-1.4720521390496757,-2.152608765784663
1052,22.43,27.55,-1.4728473957736248,-2.148838416018413
1053,22.42,27.56,-1.4728266111658048,-2.1521161379824165
1054,22.41,27.55,-1.47254884373695,-2.150715535068995
1055,22.38,27.54,-1.4708210778007276,-2.149649523522696
1056,22.38,27.54,-1.4713032376535107,-2.150588360818154
1057,22.37,27.53,-1.4700469141031134,-2.1499016630078986
